{"cameraMode":{"drawMode":0,"name":"Shaded","section":"Shading Mode"},"sceneLighting":true,"audioPlay":false,"sceneViewState":{"showFog":false,"showMaterialUpdate":false,"showSkybox":false,"showFlares":false,"showImageEffects":false,"showParticleSystems":false},"in2DMode":false,"pivot":{"x":1.1887540817260743,"y":1.1315202713012696,"z":-3.135236978530884},"rotation":{"x":0.1311439722776413,"y":-0.0843670442700386,"z":0.011165732517838478,"w":0.9877226948738098},"size":18.186532974243165,"orthographic":false}