{"cameraMode":{"drawMode":0,"name":"Shaded","section":"Shading Mode"},"sceneLighting":true,"audioPlay":false,"sceneViewState":{"showFog":false,"showMaterialUpdate":false,"showSkybox":false,"showFlares":false,"showImageEffects":false,"showParticleSystems":false},"in2DMode":false,"pivot":{"x":-16.2640438079834,"y":1.4094254970550538,"z":-10.105293273925782},"rotation":{"x":0.3634853661060333,"y":-0.004206791985780001,"z":0.0016055399319157005,"w":0.9316225051879883},"size":0.8330437541007996,"orthographic":false}