{"cameraMode":{"drawMode":0,"name":"Shaded","section":"Shading Mode"},"sceneLighting":true,"audioPlay":false,"sceneViewState":{"showFog":false,"showMaterialUpdate":false,"showSkybox":false,"showFlares":false,"showImageEffects":false,"showParticleSystems":false},"in2DMode":false,"pivot":{"x":1.9200000762939454,"y":2.1469993591308595,"z":-3.1700000762939455},"rotation":{"x":-0.2255575805902481,"y":-0.46093177795410159,"z":0.1223614290356636,"w":-0.8495951890945435},"size":18.186532974243165,"orthographic":true}