{"cameraMode":{"drawMode":0,"name":"Shaded","section":"Shading Mode"},"sceneLighting":false,"audioPlay":false,"sceneViewState":{"showFog":false,"showMaterialUpdate":false,"showSkybox":false,"showFlares":false,"showImageEffects":false,"showParticleSystems":false},"in2DMode":false,"pivot":{"x":0.7216326594352722,"y":0.4072241187095642,"z":-1.124213457107544},"rotation":{"x":0.07880567759275437,"y":-0.017945319414138795,"z":0.0014250745298340917,"w":0.9967561960220337},"size":3.155883312225342,"orthographic":true}