{"cameraMode":{"drawMode":0,"name":"Shaded","section":"Shading Mode"},"sceneLighting":true,"audioPlay":false,"sceneViewState":{"showFog":false,"showMaterialUpdate":false,"showSkybox":false,"showFlares":false,"showImageEffects":false,"showParticleSystems":false},"in2DMode":false,"pivot":{"x":-0.3544621467590332,"y":4.20986270904541,"z":-7.981029510498047},"rotation":{"x":-0.32708731293678286,"y":0.08148236572742462,"z":-0.02848486788570881,"w":-0.9411429166793823},"size":6.93097448348999,"orthographic":true}