{"cameraMode":{"drawMode":0,"name":"Shaded","section":"Shading Mode"},"sceneLighting":true,"audioPlay":false,"sceneViewState":{"showFog":false,"showMaterialUpdate":false,"showSkybox":false,"showFlares":false,"showImageEffects":false,"showParticleSystems":false},"in2DMode":false,"pivot":{"x":-13.262042999267579,"y":5.547935485839844,"z":-5.971681594848633},"rotation":{"x":-0.24808774888515473,"y":0.2025153785943985,"z":-0.053110018372535709,"w":-0.9459056854248047},"size":10.077240943908692,"orthographic":true}