{"cameraMode":{"drawMode":0,"name":"Shaded","section":"Shading Mode"},"sceneLighting":false,"audioPlay":false,"sceneViewState":{"showFog":false,"showMaterialUpdate":false,"showSkybox":false,"showFlares":false,"showImageEffects":false,"showParticleSystems":false},"in2DMode":false,"pivot":{"x":0.12104600667953491,"y":2.911360263824463,"z":-0.0146484375},"rotation":{"x":-0.32402101159095766,"y":0.12496726959943772,"z":-0.04320904612541199,"w":-0.9367991089820862},"size":1.2297561168670655,"orthographic":false}