{"cameraMode":{"drawMode":0,"name":"Shaded","section":"Shading Mode"},"sceneLighting":true,"audioPlay":false,"sceneViewState":{"showFog":false,"showMaterialUpdate":false,"showSkybox":false,"showFlares":false,"showImageEffects":false,"showParticleSystems":false},"in2DMode":false,"pivot":{"x":13.345185279846192,"y":-49.43947219848633,"z":19.684009552001954},"rotation":{"x":-0.22470508515834809,"y":0.3973170518875122,"z":-0.10123802721500397,"w":-0.8840839862823486},"size":77.87947082519531,"orthographic":true}