{"cameraMode":{"drawMode":0,"name":"Shaded","section":"Shading Mode"},"sceneLighting":false,"audioPlay":false,"sceneViewState":{"showFog":false,"showMaterialUpdate":false,"showSkybox":false,"showFlares":false,"showImageEffects":false,"showParticleSystems":false},"in2DMode":false,"pivot":{"x":-3.1143980026245119,"y":-4.807798862457275,"z":-4.36348295211792},"rotation":{"x":-0.10903012007474899,"y":0.8899497389793396,"z":-0.33498406410217287,"w":-0.2897014319896698},"size":4.0489888191223148,"orthographic":false}