{"cameraMode":{"drawMode":0,"name":"Shaded","section":"Shading Mode"},"sceneLighting":true,"audioPlay":false,"sceneViewState":{"showFog":false,"showMaterialUpdate":false,"showSkybox":false,"showFlares":false,"showImageEffects":false,"showParticleSystems":false},"in2DMode":false,"pivot":{"x":-0.5,"y":3.757359027862549,"z":-7.757359504699707},"rotation":{"x":-0.24322958290576936,"y":0.047186728566884997,"z":-0.012865428812801838,"w":-0.9689218997955322},"size":5.378778457641602,"orthographic":true}