{"cameraMode":{"drawMode":0,"name":"Shaded","section":"Shading Mode"},"sceneLighting":false,"audioPlay":false,"sceneViewState":{"showFog":false,"showMaterialUpdate":false,"showSkybox":false,"showFlares":false,"showImageEffects":false,"showParticleSystems":false},"in2DMode":false,"pivot":{"x":-8.514798164367676,"y":-0.5576324462890625,"z":-4.061154842376709},"rotation":{"x":-0.5256710648536682,"y":-0.005857064854353666,"z":0.0036284923553466799,"w":-0.8506975769996643},"size":6.5660295486450199,"orthographic":false}