{"cameraMode":{"drawMode":0,"name":"Shaded","section":"Shading Mode"},"sceneLighting":false,"audioPlay":false,"sceneViewState":{"showFog":false,"showMaterialUpdate":false,"showSkybox":false,"showFlares":false,"showImageEffects":false,"showParticleSystems":false},"in2DMode":false,"pivot":{"x":3.5346198081970217,"y":-0.7639942169189453,"z":1.6976255178451539},"rotation":{"x":0.46358397603034975,"y":-0.32216158509254458,"z":0.18569931387901307,"w":0.8042536377906799},"size":3.318171977996826,"orthographic":false}