{"cameraMode":{"drawMode":0,"name":"Shaded","section":"Shading Mode"},"sceneLighting":false,"audioPlay":false,"sceneViewState":{"showFog":false,"showMaterialUpdate":false,"showSkybox":false,"showFlares":false,"showImageEffects":false,"showParticleSystems":false},"in2DMode":false,"pivot":{"x":3.3525454998016359,"y":1.8643898963928223,"z":-7.203268051147461},"rotation":{"x":0.2847346067428589,"y":-0.1513381451368332,"z":0.045537009835243228,"w":0.9455147385597229},"size":1.0533370971679688,"orthographic":false}