{"cameraMode":{"drawMode":0,"name":"Shaded","section":"Shading Mode"},"sceneLighting":false,"audioPlay":false,"sceneViewState":{"showFog":false,"showMaterialUpdate":false,"showSkybox":false,"showFlares":false,"showImageEffects":false,"showParticleSystems":false},"in2DMode":false,"pivot":{"x":6.634066104888916,"y":-1.363961935043335,"z":3.3100504875183107},"rotation":{"x":0.0809217318892479,"y":0.5533111095428467,"z":-0.05411502346396446,"w":0.8272824883460999},"size":5.041733264923096,"orthographic":false}