{"cameraMode":{"drawMode":0,"name":"Shaded","section":"Shading Mode"},"sceneLighting":false,"audioPlay":false,"sceneViewState":{"showFog":false,"showMaterialUpdate":false,"showSkybox":false,"showFlares":false,"showImageEffects":false,"showParticleSystems":false},"in2DMode":false,"pivot":{"x":6.318325519561768,"y":-4.921978950500488,"z":6.403262138366699},"rotation":{"x":-0.2270321547985077,"y":-0.3642938435077667,"z":0.09204810112714768,"w":-0.8984930515289307},"size":6.088033199310303,"orthographic":false}