{"cameraMode":{"drawMode":0,"name":"Shaded","section":"Shading Mode"},"sceneLighting":true,"audioPlay":false,"sceneViewState":{"showFog":false,"showMaterialUpdate":false,"showSkybox":false,"showFlares":false,"showImageEffects":false,"showParticleSystems":false},"in2DMode":false,"pivot":{"x":-3.074709892272949,"y":2.611562728881836,"z":-7.786273002624512},"rotation":{"x":-0.369107723236084,"y":-0.0021450910717248918,"z":0.00023428973508998752,"w":-0.9295232892036438},"size":4.917471885681152,"orthographic":true}