{"cameraMode":{"drawMode":0,"name":"Shaded","section":"Shading Mode"},"sceneLighting":false,"audioPlay":false,"sceneViewState":{"showFog":false,"showMaterialUpdate":false,"showSkybox":false,"showFlares":false,"showImageEffects":false,"showParticleSystems":false},"in2DMode":false,"pivot":{"x":-2.5378005504608156,"y":-10.085628509521485,"z":4.2899489402771},"rotation":{"x":0.6218555569648743,"y":0.02113780938088894,"z":-0.016794219613075258,"w":0.7826682925224304},"size":8.256659507751465,"orthographic":false}