{"cameraMode":{"drawMode":0,"name":"Shaded","section":"Shading Mode"},"sceneLighting":false,"audioPlay":false,"sceneViewState":{"showFog":false,"showMaterialUpdate":false,"showSkybox":false,"showFlares":false,"showImageEffects":false,"showParticleSystems":false},"in2DMode":false,"pivot":{"x":-0.07132696360349655,"y":-2.559124708175659,"z":3.538118362426758},"rotation":{"x":0.34889787435531618,"y":-0.005620075389742851,"z":0.0020971817430108787,"w":0.9371458292007446},"size":4.5628461837768559,"orthographic":false}