{"cameraMode":{"drawMode":0,"name":"Shaded","section":"Shading Mode"},"sceneLighting":true,"audioPlay":false,"sceneViewState":{"showFog":false,"showMaterialUpdate":false,"showSkybox":false,"showFlares":false,"showImageEffects":false,"showParticleSystems":false},"in2DMode":false,"pivot":{"x":1.9200000762939454,"y":2.1469993591308595,"z":-3.1700000762939455},"rotation":{"x":-0.29338112473487856,"y":0.11524710804224014,"z":-0.0356135368347168,"w":-0.9484178423881531},"size":5.234504222869873,"orthographic":true}