{"cameraMode":{"drawMode":0,"name":"Shaded","section":"Shading Mode"},"sceneLighting":false,"audioPlay":false,"sceneViewState":{"showFog":false,"showMaterialUpdate":false,"showSkybox":false,"showFlares":false,"showImageEffects":false,"showParticleSystems":false},"in2DMode":false,"pivot":{"x":-2.0771162509918215,"y":-5.664475917816162,"z":5.910468101501465},"rotation":{"x":-0.4034784734249115,"y":0.07972260564565659,"z":-0.03531700000166893,"w":-0.9108288288116455},"size":6.088033199310303,"orthographic":false}