{"cameraMode":{"drawMode":0,"name":"Shaded","section":"Shading Mode"},"sceneLighting":false,"audioPlay":false,"sceneViewState":{"showFog":false,"showMaterialUpdate":false,"showSkybox":false,"showFlares":false,"showImageEffects":false,"showParticleSystems":false},"in2DMode":false,"pivot":{"x":0.1400538831949234,"y":1.603811264038086,"z":-2.019336700439453},"rotation":{"x":-0.17606739699840547,"y":0.014178506098687649,"z":-0.00251747970469296,"w":-0.9843210577964783},"size":-0.03397178649902344,"orthographic":false}