{"cameraMode":{"drawMode":0,"name":"Shaded","section":"Shading Mode"},"sceneLighting":true,"audioPlay":false,"sceneViewState":{"showFog":false,"showMaterialUpdate":false,"showSkybox":false,"showFlares":false,"showImageEffects":false,"showParticleSystems":false},"in2DMode":false,"pivot":{"x":-12.86467456817627,"y":5.986042499542236,"z":-7.68870735168457},"rotation":{"x":-0.23756268620491029,"y":0.15455779433250428,"z":-0.03827596828341484,"w":-0.9582814574241638},"size":1.2027747631072999,"orthographic":false}