{"cameraMode":{"drawMode":0,"name":"Shaded","section":"Shading Mode"},"sceneLighting":false,"audioPlay":false,"sceneViewState":{"showFog":false,"showMaterialUpdate":false,"showSkybox":false,"showFlares":false,"showImageEffects":false,"showParticleSystems":false},"in2DMode":false,"pivot":{"x":-8.943107604980469,"y":-5.284219264984131,"z":-2.015204906463623},"rotation":{"x":-0.4684024155139923,"y":0.009821798652410508,"z":-0.005193152464926243,"w":-0.883479118347168},"size":7.071067810058594,"orthographic":false}