{"cameraMode":{"drawMode":0,"name":"Shaded","section":"Shading Mode"},"sceneLighting":false,"audioPlay":false,"sceneViewState":{"showFog":false,"showMaterialUpdate":false,"showSkybox":false,"showFlares":false,"showImageEffects":false,"showParticleSystems":false},"in2DMode":false,"pivot":{"x":0.5528059005737305,"y":-1.036068320274353,"z":1.4083843231201172},"rotation":{"x":-0.19972044229507447,"y":-0.38408470153808596,"z":0.08552040159702301,"w":-0.8974193334579468},"size":1.7660253047943116,"orthographic":false}