{"cameraMode":{"drawMode":0,"name":"Shaded","section":"Shading Mode"},"sceneLighting":false,"audioPlay":false,"sceneViewState":{"showFog":false,"showMaterialUpdate":false,"showSkybox":false,"showFlares":false,"showImageEffects":false,"showParticleSystems":false},"in2DMode":false,"pivot":{"x":-9.39935302734375,"y":-19.421403884887697,"z":-13.431379318237305},"rotation":{"x":0.13998450338840486,"y":-0.8565729260444641,"z":0.39025208353996279,"w":0.30724480748176577},"size":14.704268455505371,"orthographic":false}