{"cameraMode":{"drawMode":0,"name":"Shaded","section":"Shading Mode"},"sceneLighting":true,"audioPlay":false,"sceneViewState":{"showFog":false,"showMaterialUpdate":false,"showSkybox":false,"showFlares":false,"showImageEffects":false,"showParticleSystems":false},"in2DMode":false,"pivot":{"x":-4.158596515655518,"y":4.86810302734375,"z":-6.47598934173584},"rotation":{"x":-0.4022729992866516,"y":-0.008775823749601841,"z":0.003894384251907468,"w":-0.9155165553092957},"size":1.2027747631072999,"orthographic":false}