{"cameraMode":{"drawMode":0,"name":"Shaded","section":"Shading Mode"},"sceneLighting":true,"audioPlay":false,"sceneViewState":{"showFog":false,"showMaterialUpdate":false,"showSkybox":false,"showFlares":false,"showImageEffects":false,"showParticleSystems":false},"in2DMode":false,"pivot":{"x":-7.728164196014404,"y":4.389788627624512,"z":-4.92537784576416},"rotation":{"x":0.3189009428024292,"y":0.11336875706911087,"z":-0.03845592588186264,"w":0.9402278661727905},"size":2.251894474029541,"orthographic":false}