{"cameraMode":{"drawMode":0,"name":"Shaded","section":"Shading Mode"},"sceneLighting":false,"audioPlay":false,"sceneViewState":{"showFog":false,"showMaterialUpdate":false,"showSkybox":false,"showFlares":false,"showImageEffects":false,"showParticleSystems":false},"in2DMode":false,"pivot":{"x":-0.05877440795302391,"y":-0.6641796231269836,"z":0.4817206859588623},"rotation":{"x":-0.22367171943187715,"y":0.7303325533866882,"z":-0.28117045760154726,"w":-0.5809792280197144},"size":2.3662266731262209,"orthographic":false}