{"cameraMode":{"drawMode":0,"name":"Shaded","section":"Shading Mode"},"sceneLighting":true,"audioPlay":false,"sceneViewState":{"showFog":false,"showMaterialUpdate":false,"showSkybox":false,"showFlares":false,"showImageEffects":false,"showParticleSystems":false},"in2DMode":false,"pivot":{"x":-8.344185829162598,"y":3.46407151222229,"z":-11.955705642700196},"rotation":{"x":0.20335502922534944,"y":0.18806298077106477,"z":-0.038861025124788287,"w":0.9602996110916138},"size":8.681678771972657,"orthographic":true}