{"cameraMode":{"drawMode":0,"name":"Shaded","section":"Shading Mode"},"sceneLighting":false,"audioPlay":false,"sceneViewState":{"showFog":false,"showMaterialUpdate":false,"showSkybox":false,"showFlares":false,"showImageEffects":false,"showParticleSystems":false},"in2DMode":false,"pivot":{"x":0.04100000858306885,"y":0.7999999523162842,"z":0.0},"rotation":{"x":0.029035234823822976,"y":-0.9657669067382813,"z":0.12379761785268784,"w":0.22621935606002809},"size":1.2247449159622193,"orthographic":false}