{"cameraMode":{"drawMode":0,"name":"Shaded","section":"Shading Mode"},"sceneLighting":false,"audioPlay":false,"sceneViewState":{"showFog":false,"showMaterialUpdate":false,"showSkybox":false,"showFlares":false,"showImageEffects":false,"showParticleSystems":false},"in2DMode":false,"pivot":{"x":-0.9228920936584473,"y":-1.2675362825393677,"z":6.361700057983398},"rotation":{"x":0.06855680048465729,"y":-0.10604900121688843,"z":0.007333249319344759,"w":0.9919798374176025},"size":5.041733264923096,"orthographic":false}