{"cameraMode":{"drawMode":0,"name":"Shaded","section":"Shading Mode"},"sceneLighting":false,"audioPlay":false,"sceneViewState":{"showFog":false,"showMaterialUpdate":false,"showSkybox":false,"showFlares":false,"showImageEffects":false,"showParticleSystems":false},"in2DMode":false,"pivot":{"x":472.2650451660156,"y":-41.4375,"z":53.16254425048828},"rotation":{"x":0.5894772410392761,"y":-0.07843377441167832,"z":0.057656895369291309,"w":0.8018983006477356},"size":309.45635986328127,"orthographic":true}