{"cameraMode":{"drawMode":0,"name":"Shaded","section":"Shading Mode"},"sceneLighting":true,"audioPlay":false,"sceneViewState":{"showFog":false,"showMaterialUpdate":false,"showSkybox":false,"showFlares":false,"showImageEffects":false,"showParticleSystems":false},"in2DMode":false,"pivot":{"x":-12.569223403930664,"y":5.956183910369873,"z":-5.563433647155762},"rotation":{"x":0.09484786540269852,"y":0.4231526255607605,"z":-0.044594906270504,"w":0.9000046253204346},"size":0.45189470052719118,"orthographic":false}