{"cameraMode":{"drawMode":0,"name":"Shaded","section":"Shading Mode"},"sceneLighting":false,"audioPlay":false,"sceneViewState":{"showFog":false,"showMaterialUpdate":false,"showSkybox":false,"showFlares":false,"showImageEffects":false,"showParticleSystems":false},"in2DMode":false,"pivot":{"x":21.855396270751954,"y":15.460124015808106,"z":3.8555009365081789},"rotation":{"x":-0.22991207242012025,"y":0.6161950826644898,"z":0.19465845823287965,"w":0.7277147173881531},"size":14.704268455505371,"orthographic":false}