{"cameraMode":{"drawMode":0,"name":"Shaded","section":"Shading Mode"},"sceneLighting":false,"audioPlay":false,"sceneViewState":{"showFog":true,"showMaterialUpdate":true,"showSkybox":false,"showFlares":true,"showImageEffects":false,"showParticleSystems":true},"in2DMode":false,"pivot":{"x":0.04100000858306885,"y":0.10000000149011612,"z":0.0},"rotation":{"x":-0.008662756532430649,"y":-0.9783890843391419,"z":0.20240698754787446,"w":-0.042010724544525149},"size":1.6071066856384278,"orthographic":false}