{"cameraMode":{"drawMode":0,"name":"Shaded","section":"Shading Mode"},"sceneLighting":false,"audioPlay":false,"sceneViewState":{"showFog":false,"showMaterialUpdate":false,"showSkybox":false,"showFlares":false,"showImageEffects":false,"showParticleSystems":false},"in2DMode":false,"pivot":{"x":3.7998600006103517,"y":-0.81005859375,"z":-1.03790283203125},"rotation":{"x":0.6844509243965149,"y":0.007655440829694271,"z":-0.007185727823525667,"w":0.7289888262748718},"size":2.3531510829925539,"orthographic":true}