{"cameraMode":{"drawMode":0,"name":"Shaded","section":"Shading Mode"},"sceneLighting":true,"audioPlay":false,"sceneViewState":{"showFog":false,"showMaterialUpdate":false,"showSkybox":false,"showFlares":false,"showImageEffects":false,"showParticleSystems":false},"in2DMode":false,"pivot":{"x":-14.596878051757813,"y":3.920658588409424,"z":-7.920659065246582},"rotation":{"x":-0.3728077709674835,"y":0.1813671588897705,"z":-0.07471614331007004,"w":-0.907039999961853},"size":5.246303081512451,"orthographic":true}