{"cameraMode":{"drawMode":0,"name":"Shaded","section":"Shading Mode"},"sceneLighting":false,"audioPlay":false,"sceneViewState":{"showFog":true,"showMaterialUpdate":true,"showSkybox":false,"showFlares":true,"showImageEffects":false,"showParticleSystems":true},"in2DMode":false,"pivot":{"x":-0.4728090167045593,"y":0.44014790654182436,"z":-0.8482801914215088},"rotation":{"x":0.05327383428812027,"y":-0.9461571574211121,"z":0.20760194957256318,"w":0.24269115924835206},"size":1.5576155185699463,"orthographic":false}