{"cameraMode":{"drawMode":0,"name":"Shaded","section":"Shading Mode"},"sceneLighting":false,"audioPlay":false,"sceneViewState":{"showFog":false,"showMaterialUpdate":false,"showSkybox":false,"showFlares":false,"showImageEffects":false,"showParticleSystems":false},"in2DMode":false,"pivot":{"x":-5.5096001625061039,"y":7.643333911895752,"z":-16.830005645751954},"rotation":{"x":0.344200998544693,"y":0.07313140481710434,"z":-0.02689599245786667,"w":0.9356679916381836},"size":1.8027756214141846,"orthographic":false}