{"cameraMode":{"drawMode":0,"name":"Shaded","section":"Shading Mode"},"sceneLighting":false,"audioPlay":false,"sceneViewState":{"showFog":false,"showMaterialUpdate":false,"showSkybox":false,"showFlares":false,"showImageEffects":false,"showParticleSystems":false},"in2DMode":false,"pivot":{"x":-0.3318498730659485,"y":0.8886606693267822,"z":0.6303967237472534},"rotation":{"x":0.05358108878135681,"y":-0.9464535117149353,"z":0.22859665751457215,"w":0.2216913253068924},"size":0.9576151967048645,"orthographic":false}