{"cameraMode":{"drawMode":0,"name":"Shaded","section":"Shading Mode"},"sceneLighting":true,"audioPlay":false,"sceneViewState":{"showFog":false,"showMaterialUpdate":false,"showSkybox":false,"showFlares":false,"showImageEffects":false,"showParticleSystems":false},"in2DMode":false,"pivot":{"x":3.5497379302978517,"y":1.0728340148925782,"z":-15.125370025634766},"rotation":{"x":0.2125711590051651,"y":-0.049911029636859897,"z":0.011865152977406979,"w":0.9760044813156128},"size":3.696845531463623,"orthographic":true}