{"cameraMode":{"drawMode":0,"name":"Shaded","section":"Shading Mode"},"sceneLighting":true,"audioPlay":false,"sceneViewState":{"showFog":false,"showMaterialUpdate":false,"showSkybox":false,"showFlares":false,"showImageEffects":false,"showParticleSystems":false},"in2DMode":false,"pivot":{"x":-2.3840694427490236,"y":3.9417240619659426,"z":-10.619593620300293},"rotation":{"x":-0.19310536980628968,"y":0.08020729571580887,"z":-0.016246184706687928,"w":-0.9778832197189331},"size":7.266066074371338,"orthographic":true}