{"cameraMode":{"drawMode":0,"name":"Shaded","section":"Shading Mode"},"sceneLighting":false,"audioPlay":false,"sceneViewState":{"showFog":false,"showMaterialUpdate":false,"showSkybox":false,"showFlares":false,"showImageEffects":false,"showParticleSystems":false},"in2DMode":false,"pivot":{"x":-3.2200000286102297,"y":0.0,"z":3.2200000286102297},"rotation":{"x":-0.4233908951282501,"y":0.09000169485807419,"z":-0.042305391281843188,"w":-0.9005072712898254},"size":0.8660286664962769,"orthographic":false}