{"cameraMode":{"drawMode":0,"name":"Shaded","section":"Shading Mode"},"sceneLighting":false,"audioPlay":false,"sceneViewState":{"showFog":false,"showMaterialUpdate":false,"showSkybox":false,"showFlares":false,"showImageEffects":false,"showParticleSystems":false},"in2DMode":false,"pivot":{"x":0.5427818298339844,"y":0.98095703125,"z":-0.43212890625},"rotation":{"x":0.2931268513202667,"y":-0.4727493226528168,"z":0.17037352919578553,"w":0.813366711139679},"size":4.558161735534668,"orthographic":true}