{"cameraMode":{"drawMode":0,"name":"Shaded","section":"Shading Mode"},"sceneLighting":true,"audioPlay":false,"sceneViewState":{"showFog":false,"showMaterialUpdate":false,"showSkybox":false,"showFlares":false,"showImageEffects":false,"showParticleSystems":false},"in2DMode":false,"pivot":{"x":-14.291895866394043,"y":6.547369003295898,"z":-8.390098571777344},"rotation":{"x":0.30554622411727908,"y":-0.0014360265340656043,"z":0.0004073826421517879,"w":0.9522126913070679},"size":0.20670026540756226,"orthographic":false}