{"cameraMode":{"drawMode":0,"name":"Shaded","section":"Shading Mode"},"sceneLighting":false,"audioPlay":false,"sceneViewState":{"showFog":false,"showMaterialUpdate":false,"showSkybox":false,"showFlares":false,"showImageEffects":false,"showParticleSystems":false},"in2DMode":false,"pivot":{"x":-9.06733226776123,"y":-2.8305699825286867,"z":-2.9239084720611574},"rotation":{"x":-0.530709981918335,"y":-0.013453857973217965,"z":0.00845428742468357,"w":-0.8474400639533997},"size":7.071067810058594,"orthographic":false}