{"cameraMode":{"drawMode":0,"name":"Shaded","section":"Shading Mode"},"sceneLighting":true,"audioPlay":false,"sceneViewState":{"showFog":false,"showMaterialUpdate":false,"showSkybox":false,"showFlares":false,"showImageEffects":false,"showParticleSystems":false},"in2DMode":false,"pivot":{"x":-1.1039364337921143,"y":3.412262201309204,"z":-8.672033309936524},"rotation":{"x":-0.2563038468360901,"y":0.04723138362169266,"z":-0.012659642845392228,"w":-0.9654437303543091},"size":6.476844310760498,"orthographic":true}