{"cameraMode":{"drawMode":0,"name":"Shaded","section":"Shading Mode"},"sceneLighting":false,"audioPlay":false,"sceneViewState":{"showFog":false,"showMaterialUpdate":false,"showSkybox":false,"showFlares":false,"showImageEffects":false,"showParticleSystems":false},"in2DMode":false,"pivot":{"x":0.6730983853340149,"y":-2.4803576469421388,"z":2.794795036315918},"rotation":{"x":0.344200998544693,"y":0.07313140481710434,"z":-0.02689599245786667,"w":0.9356679916381836},"size":3.3197596073150636,"orthographic":false}