{"cameraMode":{"drawMode":0,"name":"Shaded","section":"Shading Mode"},"sceneLighting":false,"audioPlay":false,"sceneViewState":{"showFog":false,"showMaterialUpdate":false,"showSkybox":false,"showFlares":false,"showImageEffects":false,"showParticleSystems":false},"in2DMode":false,"pivot":{"x":-3.6759238243103029,"y":0.6306319236755371,"z":3.7125918865203859},"rotation":{"x":-0.3072226047515869,"y":0.15245579183101655,"z":-0.04991650953888893,"w":-0.9380543231964111},"size":1.766028642654419,"orthographic":false}