{"cameraMode":{"drawMode":0,"name":"Shaded","section":"Shading Mode"},"sceneLighting":false,"audioPlay":false,"sceneViewState":{"showFog":false,"showMaterialUpdate":false,"showSkybox":false,"showFlares":false,"showImageEffects":false,"showParticleSystems":false},"in2DMode":false,"pivot":{"x":-0.7375345230102539,"y":-1.6633418798446656,"z":-1.1762946844100953},"rotation":{"x":-0.10121025890111923,"y":0.8921301364898682,"z":-0.3635905385017395,"w":-0.24833647906780244},"size":2.3662266731262209,"orthographic":false}