{"cameraMode":{"drawMode":0,"name":"Shaded","section":"Shading Mode"},"sceneLighting":false,"audioPlay":false,"sceneViewState":{"showFog":false,"showMaterialUpdate":false,"showSkybox":false,"showFlares":false,"showImageEffects":false,"showParticleSystems":false},"in2DMode":false,"pivot":{"x":-11.231414794921875,"y":-4.125771522521973,"z":-0.7225494384765625},"rotation":{"x":-0.4233908951282501,"y":0.09000169485807419,"z":-0.042305391281843188,"w":-0.9005072712898254},"size":10.055770874023438,"orthographic":false}