{"cameraMode":{"drawMode":0,"name":"Shaded","section":"Shading Mode"},"sceneLighting":true,"audioPlay":false,"sceneViewState":{"showFog":false,"showMaterialUpdate":false,"showSkybox":false,"showFlares":false,"showImageEffects":false,"showParticleSystems":false},"in2DMode":false,"pivot":{"x":-1.1039364337921143,"y":3.412262201309204,"z":-8.672033309936524},"rotation":{"x":-0.17978651821613313,"y":0.08781487494707108,"z":-0.016230877488851548,"w":-0.9797279238700867},"size":6.476844310760498,"orthographic":true}