{"cameraMode":{"drawMode":0,"name":"Shaded","section":"Shading Mode"},"sceneLighting":true,"audioPlay":false,"sceneViewState":{"showFog":false,"showMaterialUpdate":false,"showSkybox":false,"showFlares":false,"showImageEffects":false,"showParticleSystems":false},"in2DMode":false,"pivot":{"x":3.259474277496338,"y":2.919306755065918,"z":-9.353120803833008},"rotation":{"x":-0.1639176607131958,"y":0.5227306485176086,"z":-0.10335248708724976,"w":-0.8302803635597229},"size":2.8737547397613527,"orthographic":true}