{"cameraMode":{"drawMode":0,"name":"Shaded","section":"Shading Mode"},"sceneLighting":false,"audioPlay":false,"sceneViewState":{"showFog":false,"showMaterialUpdate":false,"showSkybox":false,"showFlares":false,"showImageEffects":false,"showParticleSystems":false},"in2DMode":false,"pivot":{"x":-1.0943831205368043,"y":1.2143305540084839,"z":-4.487398147583008},"rotation":{"x":0.5395790934562683,"y":-0.012623204849660397,"z":0.008104147389531136,"w":0.841815173625946},"size":6.897225856781006,"orthographic":false}