{"cameraMode":{"drawMode":0,"name":"Shaded","section":"Shading Mode"},"sceneLighting":true,"audioPlay":false,"sceneViewState":{"showFog":false,"showMaterialUpdate":false,"showSkybox":false,"showFlares":false,"showImageEffects":false,"showParticleSystems":false},"in2DMode":false,"pivot":{"x":-1.3289999961853028,"y":1.5899999141693116,"z":-2.430598258972168},"rotation":{"x":-0.16032543778419496,"y":-0.7067654132843018,"z":0.16954663395881654,"w":-0.667975664138794},"size":0.8186725974082947,"orthographic":false}