{"cameraMode":{"drawMode":0,"name":"Shaded","section":"Shading Mode"},"sceneLighting":false,"audioPlay":false,"sceneViewState":{"showFog":false,"showMaterialUpdate":false,"showSkybox":false,"showFlares":false,"showImageEffects":false,"showParticleSystems":false},"in2DMode":false,"pivot":{"x":4.737152099609375,"y":-2.2314453125,"z":0.6375732421875},"rotation":{"x":0.6634332537651062,"y":0.0011222880566492677,"z":-0.0009953030385077,"w":0.7482354044914246},"size":5.418172836303711,"orthographic":true}