{"cameraMode":{"drawMode":0,"name":"Shaded","section":"Shading Mode"},"sceneLighting":false,"audioPlay":false,"sceneViewState":{"showFog":false,"showMaterialUpdate":false,"showSkybox":false,"showFlares":false,"showImageEffects":false,"showParticleSystems":false},"in2DMode":false,"pivot":{"x":3.7998600006103517,"y":-0.81005859375,"z":-1.03790283203125},"rotation":{"x":0.3568871319293976,"y":-0.29752448201179507,"z":0.12104731053113938,"w":0.8771944642066956},"size":2.3531510829925539,"orthographic":true}