{"cameraMode":{"drawMode":0,"name":"Shaded","section":"Shading Mode"},"sceneLighting":false,"audioPlay":false,"sceneViewState":{"showFog":false,"showMaterialUpdate":false,"showSkybox":false,"showFlares":false,"showImageEffects":false,"showParticleSystems":false},"in2DMode":false,"pivot":{"x":0.22757813334465028,"y":0.19637860357761384,"z":0.9964047074317932},"rotation":{"x":0.09267526119947434,"y":0.9067279100418091,"z":-0.2730569839477539,"w":0.30785149335861208},"size":1.7660253047943116,"orthographic":false}