{"cameraMode":{"drawMode":0,"name":"Shaded","section":"Shading Mode"},"sceneLighting":false,"audioPlay":false,"sceneViewState":{"showFog":false,"showMaterialUpdate":false,"showSkybox":false,"showFlares":false,"showImageEffects":false,"showParticleSystems":false},"in2DMode":false,"pivot":{"x":-0.3927185535430908,"y":0.9398325681686401,"z":-0.6870262622833252},"rotation":{"x":0.029035234823822976,"y":-0.9657669067382813,"z":0.12379761785268784,"w":0.22621935606002809},"size":1.9533369541168213,"orthographic":false}