{"cameraMode":{"drawMode":0,"name":"Shaded","section":"Shading Mode"},"sceneLighting":true,"audioPlay":false,"sceneViewState":{"showFog":false,"showMaterialUpdate":false,"showSkybox":false,"showFlares":false,"showImageEffects":false,"showParticleSystems":false},"in2DMode":false,"pivot":{"x":-8.932684898376465,"y":0.2808194160461426,"z":-4.6750922203063969},"rotation":{"x":0.33415988087654116,"y":0.18768496811389924,"z":-0.06808138638734818,"w":0.9211530089378357},"size":3.8186721801757814,"orthographic":false}