{"cameraMode":{"drawMode":0,"name":"Shaded","section":"Shading Mode"},"sceneLighting":false,"audioPlay":false,"sceneViewState":{"showFog":false,"showMaterialUpdate":false,"showSkybox":false,"showFlares":false,"showImageEffects":false,"showParticleSystems":false},"in2DMode":false,"pivot":{"x":4.808753967285156,"y":-4.868271827697754,"z":1.1361110210418702},"rotation":{"x":0.2807224988937378,"y":0.594815194606781,"z":-0.2330966591835022,"w":0.7163030505180359},"size":4.0489888191223148,"orthographic":false}