{"cameraMode":{"drawMode":0,"name":"Shaded","section":"Shading Mode"},"sceneLighting":true,"audioPlay":false,"sceneViewState":{"showFog":false,"showMaterialUpdate":false,"showSkybox":false,"showFlares":false,"showImageEffects":false,"showParticleSystems":false},"in2DMode":false,"pivot":{"x":-5.332415580749512,"y":1.870723009109497,"z":-4.9863600730896},"rotation":{"x":0.33389291167259219,"y":0.019780011847615243,"z":-0.007043201941996813,"w":0.9424107670783997},"size":6.317147254943848,"orthographic":false}