{"cameraMode":{"drawMode":0,"name":"Shaded","section":"Shading Mode"},"sceneLighting":false,"audioPlay":false,"sceneViewState":{"showFog":false,"showMaterialUpdate":false,"showSkybox":false,"showFlares":false,"showImageEffects":false,"showParticleSystems":false},"in2DMode":false,"pivot":{"x":2.4601082801818849,"y":-5.244140625,"z":-3.087646007537842},"rotation":{"x":0.7071060538291931,"y":0.0010606598807498813,"z":-0.0010606598807498813,"w":0.7071060538291931},"size":6.283587455749512,"orthographic":true}