{"cameraMode":{"drawMode":0,"name":"Shaded","section":"Shading Mode"},"sceneLighting":true,"audioPlay":false,"sceneViewState":{"showFog":false,"showMaterialUpdate":false,"showSkybox":false,"showFlares":false,"showImageEffects":false,"showParticleSystems":false},"in2DMode":false,"pivot":{"x":-14.678460121154786,"y":1.4954291582107545,"z":-6.508012771606445},"rotation":{"x":-0.1575337052345276,"y":-0.21210038661956788,"z":0.03465266153216362,"w":-0.9639092087745667},"size":430.8215637207031,"orthographic":true}