{"cameraMode":{"drawMode":0,"name":"Shaded","section":"Shading Mode"},"sceneLighting":false,"audioPlay":false,"sceneViewState":{"showFog":false,"showMaterialUpdate":false,"showSkybox":false,"showFlares":false,"showImageEffects":false,"showParticleSystems":false},"in2DMode":false,"pivot":{"x":-1.9345617294311524,"y":1.026517391204834,"z":0.6006051898002625},"rotation":{"x":0.22721177339553834,"y":0.6929741501808167,"z":-0.24668365716934205,"w":0.638224184513092},"size":0.29722434282302859,"orthographic":false}