{"cameraMode":{"drawMode":0,"name":"Shaded","section":"Shading Mode"},"sceneLighting":true,"audioPlay":false,"sceneViewState":{"showFog":false,"showMaterialUpdate":false,"showSkybox":false,"showFlares":false,"showImageEffects":false,"showParticleSystems":false},"in2DMode":false,"pivot":{"x":-3.2461090087890627,"y":5.507111072540283,"z":-5.930856704711914},"rotation":{"x":-0.17978651821613313,"y":0.08781487494707108,"z":-0.016230877488851548,"w":-0.9797279238700867},"size":1.6493715047836304,"orthographic":true}